﻿Designator,Quantity,Value,Footprint,Package,MPN,DNP,Mount_Type,Description
BUS1,1,6502,AppleIIBus_Edge_65.70,,,,tht,
"C1, C2, C3, C4",4,100nF,C_Disc_D4.3mm_W1.9mm_P5.00mm,,,,tht,"Unpolarized capacitor, small symbol"
EXTENDER1,1,6502,BUS_6502_v1,,,,tht,
J1,1,Conn_02x25_Odd_Even,IDC-Header_2x25_P2.54mm_Horizontal,,,,tht,"Generic connector, double row, 02x25, odd/even pin numbering scheme (row 1 odd numbers, row 2 even numbers), script generated (kicad-library-utils/schlib/autogen/connector/)"
J2,1,Conn_02x02_Odd_Even,PinHeader_2x02_P2.54mm_Vertical,,,,tht,"Generic connector, double row, 02x02, odd/even pin numbering scheme (row 1 odd numbers, row 2 even numbers), script generated (kicad-library-utils/schlib/autogen/connector/)"
J3,1,Conn_02x25_Odd_Even,PinSocket_2x25_P2.54mm_Vertical,,,,tht,"Generic connector, double row, 02x25, odd/even pin numbering scheme (row 1 odd numbers, row 2 even numbers), script generated (kicad-library-utils/schlib/autogen/connector/)"
"J4, J6",2,Conn_01x02_Pin,PinHeader_1x02_P2.54mm_Vertical,,,,tht,"Generic connector, single row, 01x02, script generated"
J5,1,Conn_02x25_Odd_Even,IDC-Header_2x25_P2.54mm_Vertical,,,,tht,"Generic connector, double row, 02x25, odd/even pin numbering scheme (row 1 odd numbers, row 2 even numbers), script generated (kicad-library-utils/schlib/autogen/connector/)"
