﻿pos_x,pos_y,rotation,side,designator,mpn,pack,footprint,value,mount_type
75.819,-54.7262,-90.0,top,C1,,,C_Disc_D4.3mm_W1.9mm_P5.00mm,100nF,tht
157.734,-54.69,-90.0,top,C2,,,C_Disc_D4.3mm_W1.9mm_P5.00mm,100nF,tht
154.686,-54.65,-90.0,top,C3,,,C_Disc_D4.3mm_W1.9mm_P5.00mm,100nF,tht
151.75,-54.65,-90.0,top,C4,,,C_Disc_D4.3mm_W1.9mm_P5.00mm,100nF,tht
84.0486,-72.39,0.0,top,EXTENDER1,,,BUS_6502_v1,6502,tht
84.0232,-116.6114,90.0,top,J1,,,IDC-Header_2x25_P2.54mm_Horizontal,Conn_02x25_Odd_Even,tht
127.0,-78.74,-90.0,top,J2,,,PinHeader_2x02_P2.54mm_Vertical,Conn_02x02_Odd_Even,tht
84.074,-55.3702,90.0,top,J3,,,PinSocket_2x25_P2.54mm_Vertical,Conn_02x25_Odd_Even,tht
83.92,-83.0,180.0,top,J4,,,PinHeader_1x02_P2.54mm_Vertical,Conn_01x02_Pin,tht
83.9978,-95.23,90.0,top,J5,,,IDC-Header_2x25_P2.54mm_Vertical,Conn_02x25_Odd_Even,tht
144.74,-81.28,180.0,top,J6,,,PinHeader_1x02_P2.54mm_Vertical,Conn_01x02_Pin,tht
